url,post_date,subreddit,post_id
https://pub-c60d2f46067e4d25acda5bd5ac88504c.r2.dev/coloring-page-Flowers-1760281216204.png,2026-01-29 03:08:02,test,1qpww7a
https://pub-c60d2f46067e4d25acda5bd5ac88504c.r2.dev/series-Flowers-1760269562765-4.png,2026-01-28 23:07:03,test,1qpr6g6
https://www.youtube.com/watch?v=XhytvqzJdeQ,2026-01-28 21:05:51,test,1qpnzus
https://pub-c60d2f46067e4d25acda5bd5ac88504c.r2.dev/series-Characters-1760268639078-2.png,2026-01-28 19:06:03,test,1qpkozj
https://clickgsm.ro/service-gsm/oppo/a6-pro/,2026-01-28 18:52:51,test,1qpkb0v
https://pub-c60d2f46067e4d25acda5bd5ac88504c.r2.dev/series-Characters-1760268639078-2.png,2026-01-28 15:05:07,test,1qpdsd1
https://outplayed.tv/media/mEm2dn,2026-01-28 13:21:01,test,1qpb64a
https://pub-c60d2f46067e4d25acda5bd5ac88504c.r2.dev/series-Flowers-1760269562765-4.png,2026-01-28 11:04:00,test,1qp8e3v
https://rotoblue.com/r/articles/daily_breakout_tracker,2026-01-28 07:16:47,test,1qp4kuv
https://rotoblue.com/r/articles/daily_breakout_tracker?v=2,2026-01-28 07:16:47,test,1qp4kuv
https://pub-c60d2f46067e4d25acda5bd5ac88504c.r2.dev/coloring-page-Mandala-1760275271629.png,2026-01-28 07:03:02,test,1qp4cfn
https://pub-c60d2f46067e4d25acda5bd5ac88504c.r2.dev/series-Flowers-1760269562765-4.png,2026-01-28 03:02:02,test,1qozhsf
https://shadowedvaca.com/meandering-muck.html,2026-01-27 23:32:57,test,1qouisq
https://pub-c60d2f46067e4d25acda5bd5ac88504c.r2.dev/series-Flowers-1760269543169-3.png,2026-01-27 23:01:02,test,1qotpjm
/r/SaaS/comments/1qot4ep/need_5_people_to_test_my_software_free_upgrade/,2026-01-27 22:40:49,test,1qot6g9
https://pub-c60d2f46067e4d25acda5bd5ac88504c.r2.dev/series-Flowers-1760269562765-4.png,2026-01-27 19:00:10,test,1qon14v
/r/questions/comments/1qok15j/can_anyone_recommend_some_movies/,2026-01-27 17:20:43,test,1qok4qo
https://pub-c60d2f46067e4d25acda5bd5ac88504c.r2.dev/coloring-page-Heart-1760281573141.png,2026-01-27 14:59:03,test,1qog4l3
/r/Brettspiele/comments/1qoafyn/w√ºrfel_kartenspielapp_bitte_austesten/,2026-01-27 11:36:11,test,1qobgg4
https://pub-c60d2f46067e4d25acda5bd5ac88504c.r2.dev/series-Flowers-1760269543169-3.png,2026-01-27 10:58:03,test,1qoarab
https://rotoblue.com/r/articles/daily_breakout_tracker,2026-01-27 07:16:42,test,1qo71a2
https://rotoblue.com/r/articles/daily_breakout_tracker?v=2,2026-01-27 07:16:42,test,1qo71a2
https://pub-c60d2f46067e4d25acda5bd5ac88504c.r2.dev/coloring-page-Mandala-1760275271629.png,2026-01-27 06:57:03,test,1qo6oym
https://pub-c60d2f46067e4d25acda5bd5ac88504c.r2.dev/coloring-page-All-1760270230257.png,2026-01-27 02:56:03,test,1qo1rgo
https://pub-c60d2f46067e4d25acda5bd5ac88504c.r2.dev/coloring-page-Flowers-1760281216204.png,2026-01-26 22:55:05,test,1qnvxxl
https://www.youtube.com/watch?v=IxX_QHay02M,2026-01-26 19:24:29,test,1qnq1dh
https://www.youtube.com/watch?v=IxX\_QHay02M](https://www.youtube.com/watch?v=IxX_QHay02M,2026-01-26 19:19:42,test,1qnpw8s
https://pub-c60d2f46067e4d25acda5bd5ac88504c.r2.dev/coloring-page-Mandala-1760279591414.png,2026-01-26 18:54:04,test,1qnp4go
http://www.dof.gob.mx,2026-01-26 16:49:08,test,1qnlenm
http://www.senado.gob.mx,2026-01-26 16:49:08,test,1qnlenm
https://pub-c60d2f46067e4d25acda5bd5ac88504c.r2.dev/coloring-page-Mandala-1760279591414.png,2026-01-26 14:53:04,test,1qni4p6
https://forms.gle/qWpkTDRUjcNAXwi9A,2026-01-26 14:37:57,test,1qnhqj7
https://outplayed.tv/media/VlmW32/dota2,2026-01-26 13:50:34,test,1qngjb0
https://www.bigspoon.me,2026-01-26 13:00:48,test,1qnfdy2
https://www.bigspoon.me,2026-01-26 12:54:46,test,1qnf99a
https://youtu.be/p4s3oFeSuCg,2026-01-26 12:29:47,test,1qneqms
https://pub-c60d2f46067e4d25acda5bd5ac88504c.r2.dev/coloring-page-Mandala-1760275271629.png,2026-01-26 10:52:03,test,1qncvzg
https://rotoblue.com/r/articles/daily_breakout_tracker,2026-01-26 07:16:36,test,1qn99yg
https://rotoblue.com/r/articles/daily_breakout_tracker?v=2,2026-01-26 07:16:36,test,1qn99yg
https://pub-c60d2f46067e4d25acda5bd5ac88504c.r2.dev/coloring-page-Mandala-1760275271629.png,2026-01-26 06:51:02,test,1qn8tb4
https://pub-c60d2f46067e4d25acda5bd5ac88504c.r2.dev/coloring-page-All-1760270230257.png,2026-01-26 02:50:00,test,1qn3w67
https://pub-c60d2f46067e4d25acda5bd5ac88504c.r2.dev/coloring-page-Seasons-1760279772443.png,2026-01-25 22:49:02,test,1qmy6zm
https://pub-c60d2f46067e4d25acda5bd5ac88504c.r2.dev/series-Characters-1760268639078-2.png,2026-01-25 18:48:03,test,1qmrlnc
https://pub-c60d2f46067e4d25acda5bd5ac88504c.r2.dev/coloring-page-Seasons-1760279772443.png,2026-01-25 14:47:03,test,1qmkzbt
https://pub-c60d2f46067e4d25acda5bd5ac88504c.r2.dev/series-Characters-1760268639078-2.png,2026-01-25 10:46:03,test,1qmfzpf
https://rotoblue.com/r/articles/daily_breakout_tracker,2026-01-25 07:16:22,test,1qmceul
https://rotoblue.com/r/articles/daily_breakout_tracker?v=2,2026-01-25 07:16:22,test,1qmceul
https://pub-c60d2f46067e4d25acda5bd5ac88504c.r2.dev/series-Flowers-1760269543169-3.png,2026-01-25 06:45:06,test,1qmbu1q
https://pub-c60d2f46067e4d25acda5bd5ac88504c.r2.dev/coloring-page-Farm%20Animals-1760280313240.png,2026-01-25 02:44:03,test,1qm6zxh
https://pub-c60d2f46067e4d25acda5bd5ac88504c.r2.dev/coloring-page-All-1760270230257.png,2026-01-24 22:43:04,test,1qm1dx1
http://169.254.169.254/,2026-01-24 20:40:28,test,1qly8bn
https://pub-c60d2f46067e4d25acda5bd5ac88504c.r2.dev/coloring-page-Seasons-1760279772443.png,2026-01-24 18:42:04,test,1qlv1yq
https://raid.camp/thepixelsurfer/post/eU5iTnj,2026-01-24 17:59:33,test,1qltvms
https://thepixelsurfer.raid.camp/post/iPz2INZ,2026-01-24 17:49:10,test,1qltli3
https://rotoblue.com/r/articles/daily_breakout_tracker,2026-01-24 15:26:06,test,1qlpskt
https://rotoblue.com/r/articles/daily_breakout_tracker?v=2,2026-01-24 15:26:06,test,1qlpskt
https://pub-c60d2f46067e4d25acda5bd5ac88504c.r2.dev/coloring-page-Mandala-1760275271629.png,2026-01-24 14:41:04,test,1qlooba
https://joseph.2025.compsci.me/adventurousflamingotractors.html,2026-01-24 12:51:30,test,1qlm716
https://joseph.2025.compsci.me/adventurousflamingotractors.html](https://joseph.2025.compsci.me/adventurousflamingotractors.html,2026-01-24 12:51:30,test,1qlm716
https://pub-c60d2f46067e4d25acda5bd5ac88504c.r2.dev/coloring-page-Seasons-1760279772443.png,2026-01-24 10:40:01,test,1qlju9b
https://pub-c60d2f46067e4d25acda5bd5ac88504c.r2.dev/coloring-page-Flowers-1760281216204.png,2026-01-24 06:39:03,test,1qlfrjw
https://pub-c60d2f46067e4d25acda5bd5ac88504c.r2.dev/coloring-page-Flowers-1760281216204.png,2026-01-24 02:38:04,test,1qlax05
https://pub-c60d2f46067e4d25acda5bd5ac88504c.r2.dev/series-Characters-1760268639078-2.png,2026-01-23 22:37:02,test,1ql5aaa
https://pub-c60d2f46067e4d25acda5bd5ac88504c.r2.dev/coloring-page-Flowers-1760281216204.png,2026-01-23 18:36:04,test,1qkyxzq
https://www.tiktok.com/@erenmos/video/7598213361326624020?is\_from\_webapp=1&amp;sender\_device=pc&amp;web\_id=7577741456057468472](https://www.tiktok.com/@erenmos/video/7598213361326624020?is_from_webapp=1&amp;sender_device=pc&amp;web_id=7577741456057468472,2026-01-23 18:29:22,test,1qkyrgp
https://pub-c60d2f46067e4d25acda5bd5ac88504c.r2.dev/series-Flowers-1760269543169-3.png,2026-01-23 14:35:05,test,1qksf6e
https://raid.camp/thepixelsurfer/post/Nao1Wm0,2026-01-23 11:25:38,test,1qkob3r
https://raid.camp/thepixelsurfer/post/qcjBiq3,2026-01-23 11:24:55,test,1qkoan9
https://raid.camp/thepixelsurfer/post/vPaDRKh,2026-01-23 11:22:05,test,1qko8tj
https://pub-c60d2f46067e4d25acda5bd5ac88504c.r2.dev/coloring-page-Seasons-1760279772443.png,2026-01-23 10:34:04,test,1qknfth
https://play.google.com/store/apps/details?id=com.mykitchen.ai](https://play.google.com/store/apps/details?id=com.mykitchen.ai,2026-01-23 10:25:29,test,1qknasx
https://groups.google.com/u/3/g/mykitchen-ai](https://groups.google.com/u/3/g/mykitchen-ai,2026-01-23 10:25:29,test,1qknasx
https://play.google.com/apps/testing/com.mykitchen.ai](https://play.google.com/apps/testing/com.mykitchen.ai,2026-01-23 10:25:29,test,1qknasx
https://rotoblue.com/r/articles/daily_breakout_tracker,2026-01-23 07:16:29,test,1qkk99k
https://rotoblue.com/r/articles/daily_breakout_tracker?v=2,2026-01-23 07:16:29,test,1qkk99k
https://pub-c60d2f46067e4d25acda5bd5ac88504c.r2.dev/series-Characters-1760268639078-2.png,2026-01-23 06:33:06,test,1qkjirx
https://pub-c60d2f46067e4d25acda5bd5ac88504c.r2.dev/series-Characters-1760268639078-2.png,2026-01-23 02:33:03,test,1qkel2j
/r/Glaucoma/comments/1qk8g18/is_pillow_use_a_risk_for_side_sleeping/,2026-01-23 00:57:12,test,1qkcfz8
https://pub-c60d2f46067e4d25acda5bd5ac88504c.r2.dev/coloring-page-Flowers-1760281216204.png,2026-01-22 22:32:02,test,1qk8zz5
https://pub-c60d2f46067e4d25acda5bd5ac88504c.r2.dev/coloring-page-Mandala-1760275271629.png,2026-01-22 18:31:03,test,1qk2jl6
http://codecrafters.io,2026-01-22 15:44:54,test,1qjxxlf
https://pub-c60d2f46067e4d25acda5bd5ac88504c.r2.dev/coloring-page-All-1760270230257.png,2026-01-22 14:30:09,test,1qjw03x
https://pub-c60d2f46067e4d25acda5bd5ac88504c.r2.dev/coloring-page-Farm%20Animals-1760280313240.png,2026-01-22 10:29:02,test,1qjr37r
https://notebooklm.google.com/?pli=1](https://notebooklm.google.com/?pli=1,2026-01-22 09:37:52,test,1qjq8zp
